"","name","person","place"
"1","Aaron ",0.93859649122807,0.0614035087719298
"2","Abandanes ",0.661290322580645,0.338709677419355
"3","Abas ",0.71978021978022,0.28021978021978
"4","Abasgia ",0.17741935483871,0.82258064516129
"5","Abasgians ",0.40990990990991,0.59009009009009
"6","Abdela ",0.661290322580645,0.338709677419355
"7","Abdelas ",0.890835579514825,0.109164420485175
"8","Abderachman ",0.5,0.5
"9","Abimelech ",0.83175355450237,0.16824644549763
"10","Aboubacharos ",0.852112676056338,0.147887323943662
"11","Aboulabas ",0.5,0.5
"12","Aboulauar ",0.82258064516129,0.17741935483871
"13","Aboumouslim ",0.725225225225225,0.274774774774775
"14","Abraim ",0.598039215686274,0.401960784313726
"15","Abydos ",0.0695364238410596,0.93046357615894
"16","Achilleus ",0.338709677419355,0.661290322580645
"17","Acholios ",0.82258064516129,0.17741935483871
"18","Acropolis ",0.303921568627451,0.696078431372549
"19","Adad ",0.794117647058824,0.205882352941176
"20","Adam ",0.17741935483871,0.82258064516129
"21","Adana ",0.5,0.5
"22","Adraigan ",0.17741935483871,0.82258064516129
"23","Adramytion ",0.17741935483871,0.82258064516129
"24","Adramyton ",0.303921568627451,0.696078431372549
"25","Adrianople ",0.156488549618321,0.84351145038168
"26","Adrianoupolis ",0.661290322580645,0.338709677419355
"27","Adriatic ",0.17741935483871,0.82258064516129
"28","Aetios ",0.866492146596859,0.133507853403141
"29","Africa ",0.104810996563574,0.895189003436426
"30","African ",0.17741935483871,0.82258064516129
"31","Africans ",0.147887323943662,0.852112676056338
"32","Agallianos ",0.82258064516129,0.17741935483871
"33","Agathon ",0.661290322580645,0.338709677419355
"34","Ahab ",0.570422535211268,0.429577464788732
"35","Aitherios ",0.661290322580645,0.338709677419355
"36","Akakios ",0.808056872037915,0.191943127962085
"37","Akepsimas ",0.82258064516129,0.17741935483871
"38","Akroinos ",0.17741935483871,0.82258064516129
"39","Alamans ",0.205882352941176,0.794117647058824
"40","Alamoundaros ",0.401960784313726,0.598039215686274
"41","Alania ",0.82258064516129,0.17741935483871
"42","Alans ",0.338709677419355,0.661290322580645
"43","Alaric ",0.661290322580645,0.338709677419355
"44","Albania ",0.401960784313726,0.598039215686274
"45","Alexander ",0.763157894736842,0.236842105263158
"46","Alexandria ",0.17324290998767,0.82675709001233
"47","Alexandrians ",0.5,0.5
"48","Alexandrina ",0.5,0.5
"49","Alexios ",0.774725274725275,0.225274725274725
"50","Ali ",0.82258064516129,0.17741935483871
"51","Alidos ",0.82258064516129,0.17741935483871
"52","Alim ",0.5,0.5
"53","Alps ",0.338709677419355,0.661290322580645
"54","Alypios ",0.82258064516129,0.17741935483871
"55","Amalek ",0.82258064516129,0.17741935483871
"56","Amanites ",0.5,0.5
"57","Amantius ",0.401960784313726,0.598039215686274
"58","Amaseia ",0.303921568627451,0.696078431372549
"59","Amastris ",0.107843137254902,0.892156862745098
"60","Amatas ",0.401960784313726,0.598039215686274
"61","Ambros ",0.5,0.5
"62","Ambrose ",0.698675496688742,0.301324503311258
"63","Amer ",0.5,0.5
"64","Amida ",0.40990990990991,0.59009009009009
"65","Amitos ",0.661290322580645,0.338709677419355
"66","Ammadios ",0.338709677419355,0.661290322580645
"67","Amnesia ",0.17741935483871,0.82258064516129
"68","Amorion ",0.295321637426901,0.704678362573099
"69","Anaplous ",0.338709677419355,0.661290322580645
"70","Anargyroi ",0.338709677419355,0.661290322580645
"71","Anastasia ",0.205882352941176,0.794117647058824
"72","Anastasian ",0.17741935483871,0.82258064516129
"73","Anastasii ",0.205882352941176,0.794117647058824
"74","Anastasios ",0.791806958473625,0.208193041526375
"75","Anatalios ",0.82258064516129,0.17741935483871
"76","Anatolic ",0.205882352941176,0.794117647058824
"77","Anatolics ",0.0549738219895288,0.945026178010471
"78","Anatolios ",0.696078431372549,0.303921568627451
"79","Anazarbos ",0.661290322580645,0.338709677419355
"80","Anchialos ",0.335164835164835,0.664835164835165
"81","Ancyra ",0.17741935483871,0.82258064516129
"82","Andragathios ",0.661290322580645,0.338709677419355
"83","Andrew ",0.798013245033113,0.201986754966887
"84","Andronikos ",0.5,0.5
"85","Anepsich ",0.82258064516129,0.17741935483871
"86","Anna ",0.5,0.5
"87","Antai ",0.17741935483871,0.82258064516129
"88","Antalas ",0.16887417218543,0.83112582781457
"89","Anthemios ",0.5,0.5
"90","Antichrist ",0.205882352941176,0.794117647058824
"91","Antioch ",0.182539682539683,0.817460317460317
"92","Antiochenes ",0.107843137254902,0.892156862745098
"93","Antiochos ",0.5,0.5
"94","Antonioupolis ",0.17741935483871,0.82258064516129
"95","Antony ",0.598039215686274,0.401960784313726
"96","Apameia ",0.454954954954955,0.545045045045045
"97","Aphraates ",0.5,0.5
"98","Apolinarian ",0.17741935483871,0.82258064516129
"99","Apolinarios ",0.598039215686274,0.401960784313726
"100","Apollo ",0.17741935483871,0.82258064516129
"101","Apostate ",0.5,0.5
"102","Apostle ",0.17741935483871,0.82258064516129
"103","Apostles ",0.0774647887323944,0.922535211267606
"104","Apostropha ",0.82258064516129,0.17741935483871
"105","Apsech ",0.696078431372549,0.303921568627451
"106","Apsilia ",0.0774647887323944,0.922535211267606
"107","Apsilians ",0.338709677419355,0.661290322580645
"108","Apsimaros ",0.884615384615385,0.115384615384615
"109","Arab ",0.517182130584192,0.482817869415808
"110","Arabia ",0.338709677419355,0.661290322580645
"111","Arabic ",0.338709677419355,0.661290322580645
"112","Arabissos ",0.338709677419355,0.661290322580645
"113","Arabs ",0.173202614379085,0.826797385620915
"114","Arados ",0.107843137254902,0.892156862745098
"115","Aram ",0.338709677419355,0.661290322580645
"116","Araxes ",0.338709677419355,0.661290322580645
"117","Archaiopolis ",0.661290322580645,0.338709677419355
"118","Archangel ",0.147887323943662,0.852112676056338
"119","Archelaos ",0.82258064516129,0.17741935483871
"120","Ardabourios ",0.78169014084507,0.21830985915493
"121","Ardagastos ",0.205882352941176,0.794117647058824
"122","Areadne ",0.881679389312977,0.118320610687023
"123","Areobindos ",0.371382636655949,0.628617363344051
"124","Ares ",0.82258064516129,0.17741935483871
"125","Arethas ",0.711267605633803,0.288732394366197
"126","Argabastes ",0.82258064516129,0.17741935483871
"127","Arian ",0.59478672985782,0.40521327014218
"128","Arianism ",0.338709677419355,0.661290322580645
"129","Arians ",0.471509971509972,0.528490028490028
"130","Aristoboulos ",0.82258064516129,0.17741935483871
"131","Arius ",0.558479532163743,0.441520467836257
"132","Arkadios ",0.72508038585209,0.27491961414791
"133","Arkadioupolis ",0.5,0.5
"134","Armenarich ",0.661290322580645,0.338709677419355
"135","Armenia ",0.16824644549763,0.83175355450237
"136","Armeniac ",0.107843137254902,0.892156862745098
"137","Armeniacs ",0.13963963963964,0.86036036036036
"138","Armeniam ",0.82258064516129,0.17741935483871
"139","Armenian ",0.661290322580645,0.338709677419355
"140","Armenians ",0.326839826839827,0.673160173160173
"141","Arsaber ",0.82258064516129,0.17741935483871
"142","Arsacid ",0.661290322580645,0.338709677419355
"143","Arsenios ",0.205882352941176,0.794117647058824
"144","Artabanes ",0.635135135135135,0.364864864864865
"145","Artabasdos ",0.709424083769634,0.290575916230366
"146","Artaserios ",0.892156862745098,0.107843137254902
"147","Artemios ",0.232824427480916,0.767175572519084
"148","Asan ",0.661290322580645,0.338709677419355
"149","Asia ",0.0906432748538012,0.909356725146199
"150","Asiatic ",0.303921568627451,0.696078431372549
"151","Aspar ",0.533112582781457,0.466887417218543
"152","Asparouch ",0.5,0.5
"153","Aspetios ",0.5,0.5
"154","Assas ",0.17741935483871,0.82258064516129
"155","Asterios ",0.82258064516129,0.17741935483871
"156","Astulphos ",0.696078431372549,0.303921568627451
"157","Atalarich ",0.82258064516129,0.17741935483871
"158","Atalos ",0.205882352941176,0.794117647058824
"159","Atel ",0.5,0.5
"160","Athanasios ",0.727670753064799,0.272329246935201
"161","Athenodoros ",0.696078431372549,0.303921568627451
"162","Athinganoi ",0.82258064516129,0.17741935483871
"163","Atroa ",0.338709677419355,0.661290322580645
"164","Attikos ",0.78169014084507,0.21830985915493
"165","Attila ",0.225274725274725,0.774725274725275
"166","August ",0.0695364238410596,0.93046357615894
"167","Augusta ",0.880116959064327,0.119883040935672
"168","Augusteus ",0.21830985915493,0.78169014084507
"169","Auph ",0.338709677419355,0.661290322580645
"170","Aurelia ",0.338709677419355,0.661290322580645
"171","Auxoumite ",0.17741935483871,0.82258064516129
"172","Auxoumites ",0.17741935483871,0.82258064516129
"173","Avar ",0.82258064516129,0.17741935483871
"174","Avars ",0.412280701754386,0.587719298245614
"175","Avroleva ",0.205882352941176,0.794117647058824
"176","Azar ",0.661290322580645,0.338709677419355
"177","Azidos ",0.82258064516129,0.17741935483871
"178","Baanes ",0.5,0.5
"179","Babylas ",0.5,0.5
"180","Babylonia ",0.338709677419355,0.661290322580645
"181","Babylonians ",0.17741935483871,0.82258064516129
"182","Badouarios ",0.445054945054945,0.554945054945055
"183","Baghdad ",0.17741935483871,0.82258064516129
"184","Bakchos ",0.5,0.5
"185","Baktangios ",0.5,0.5
"186","Balgitzis ",0.661290322580645,0.338709677419355
"187","Banakas ",0.78169014084507,0.21830985915493
"188","Bane ",0.338709677419355,0.661290322580645
"189","Baram ",0.235099337748344,0.764900662251656
"190","Barasbakourios ",0.5,0.5
"191","Barasroth ",0.661290322580645,0.338709677419355
"192","Barbas ",0.338709677419355,0.661290322580645
"193","Bardanes ",0.661290322580645,0.338709677419355
"194","Bardanios ",0.335164835164835,0.664835164835165
"195","Bardas ",0.82258064516129,0.17741935483871
"196","Barlaam ",0.661290322580645,0.338709677419355
"197","Barzan ",0.338709677419355,0.661290322580645
"198","Basil ",0.652671755725191,0.347328244274809
"199","Basileus ",0.661290322580645,0.338709677419355
"200","Basilica ",0.205882352941176,0.794117647058824
"201","Basiliskos ",0.543290043290043,0.456709956709957
"202","Basrason ",0.17741935483871,0.82258064516129
"203","Basrathon ",0.5,0.5
"204","Batbaian ",0.892156862745098,0.107843137254902
"205","Batnai ",0.338709677419355,0.661290322580645
"206","Baugain ",0.5,0.5
"207","Bdellas ",0.82258064516129,0.17741935483871
"208","Belisarius ",0.765392781316348,0.234607218683652
"209","Benjamin ",0.661290322580645,0.338709677419355
"210","Beregaba ",0.338709677419355,0.661290322580645
"211","Beroia ",0.17741935483871,0.82258064516129
"212","Berzilia ",0.17741935483871,0.82258064516129
"213","Berzitia ",0.338709677419355,0.661290322580645
"214","Beser ",0.640845070422535,0.359154929577465
"215","Bestan ",0.661290322580645,0.338709677419355
"216","Bethlehem ",0.338709677419355,0.661290322580645
"217","Bigas ",0.5,0.5
"218","Bindoes ",0.661290322580645,0.338709677419355
"219","Bithrapsa ",0.338709677419355,0.661290322580645
"220","Bithynia ",0.205882352941176,0.794117647058824
"221","Blachernai ",0.295321637426901,0.704678362573099
"222","Blue ",0.359154929577465,0.640845070422535
"223","Blues ",0.17741935483871,0.82258064516129
"224","Boniface ",0.445054945054945,0.554945054945055
"225","Bonosos ",0.794117647058824,0.205882352941176
"226","Bosphoros ",0.107843137254902,0.892156862745098
"227","Bosporus ",0.0774647887323944,0.922535211267606
"228","Bostra ",0.205882352941176,0.794117647058824
"229","Botrys ",0.17741935483871,0.82258064516129
"230","Bousas ",0.5,0.5
"231","Bousour ",0.922535211267606,0.0774647887323944
"232","Bouzes ",0.82258064516129,0.17741935483871
"233","Bretanion ",0.696078431372549,0.303921568627451
"234","Britain ",0.0774647887323944,0.922535211267606
"235","Bucellarii ",0.107843137254902,0.892156862745098
"236","Bulgar ",0.5,0.5
"237","Bulgaria ",0.152567975830816,0.847432024169184
"238","Bulgarian ",0.303921568627451,0.696078431372549
"239","Bulgarians ",0.163072776280323,0.836927223719677
"240","Bulgars ",0.478354978354978,0.521645021645022
"241","Bull ",0.17741935483871,0.82258064516129
"242","Bunnie ",0.338709677419355,0.661290322580645
"243","Burgari ",0.17741935483871,0.82258064516129
"244","Byzakion ",0.0774647887323944,0.922535211267606
"245","Byzantines ",0.205882352941176,0.794117647058824
"246","Byzantium ",0.0306859205776173,0.969314079422383
"247","Cabalas ",0.5,0.5
"248","Cadiz ",0.303921568627451,0.696078431372549
"249","Caesar ",0.5,0.5
"250","Caesarea ",0.225274725274725,0.774725274725275
"251","Caesarius ",0.288732394366197,0.711267605633803
"252","Caesars ",0.31981981981982,0.68018018018018
"253","Caliph ",0.82258064516129,0.17741935483871
"254","Calvary ",0.338709677419355,0.661290322580645
"255","Camas ",0.5,0.5
"256","Campus ",0.17032967032967,0.82967032967033
"257","Cappadocia ",0.17032967032967,0.82967032967033
"258","Cappadocians ",0.338709677419355,0.661290322580645
"259","Caria ",0.338709677419355,0.661290322580645
"260","Carian ",0.338709677419355,0.661290322580645
"261","Carinus ",0.338709677419355,0.661290322580645
"262","Carthage ",0.116368286445013,0.883631713554987
"263","Carthaginians ",0.338709677419355,0.661290322580645
"264","Castus ",0.82258064516129,0.17741935483871
"265","Cat ",0.429577464788732,0.570422535211268
"266","Cataracts ",0.17741935483871,0.82258064516129
"267","Caucasus ",0.205882352941176,0.794117647058824
"268","Cave ",0.338709677419355,0.661290322580645
"269","Celar ",0.5,0.5
"270","Chadiga ",0.82258064516129,0.17741935483871
"271","Chagan ",0.392541087231353,0.607458912768647
"272","Chaganos ",0.661290322580645,0.338709677419355
"273","Chaktaban ",0.661290322580645,0.338709677419355
"274","Chalcedon ",0.154731457800512,0.845268542199488
"275","Chaled ",0.5,0.5
"276","Chalke ",0.107843137254902,0.892156862745098
"277","Chalkis ",0.598039215686274,0.401960784313726
"278","Chamaetha ",0.17741935483871,0.82258064516129
"279","Charito ",0.82258064516129,0.17741935483871
"280","Charmosynos ",0.661290322580645,0.338709677419355
"281","Charsian ",0.17741935483871,0.82258064516129
"282","Chazars ",0.118320610687023,0.881679389312977
"283","Chelidonion ",0.82258064516129,0.17741935483871
"284","Cherson ",0.0940959409594096,0.90590405904059
"285","Chorasan ",0.359154929577465,0.640845070422535
"286","Chosroes ",0.618934348239772,0.381065651760228
"287","Choumeid ",0.5,0.5
"288","Christ ",0.222838137472284,0.777161862527716
"289","Christian ",0.655482815057283,0.344517184942717
"290","Christianity ",0.892156862745098,0.107843137254902
"291","Christianos ",0.661290322580645,0.338709677419355
"292","Christians ",0.150751547303271,0.849248452696729
"293","Christmas ",0.661290322580645,0.338709677419355
"294","Chrysaorios ",0.661290322580645,0.338709677419355
"295","Chrysaphios ",0.884615384615385,0.115384615384615
"296","Chrysopolis ",0.0695364238410596,0.93046357615894
"297","Chrysostom ",0.661290322580645,0.338709677419355
"298","Church ",0.134317862165963,0.865682137834037
"299","Cilicia ",0.288732394366197,0.711267605633803
"300","City ",0.0819170632222978,0.918082936777702
"301","Claudiopolis ",0.5,0.5
"302","Claudius ",0.338709677419355,0.661290322580645
"303","Clones ",0.661290322580645,0.338709677419355
"304","Commagene ",0.17741935483871,0.82258064516129
"305","Commemoration ",0.338709677419355,0.661290322580645
"306","Constans ",0.694805194805195,0.305194805194805
"307","Constantia ",0.554945054945055,0.445054945054945
"308","Constantina ",0.445054945054945,0.554945054945055
"309","Constantine ",0.76434558349452,0.23565441650548
"310","Constantinople ",0.175052410901468,0.824947589098532
"311","Constantius ",0.782485875706215,0.217514124293785
"312","Copper ",0.17741935483871,0.82258064516129
"313","Cornuti ",0.338709677419355,0.661290322580645
"314","Corruptible ",0.17741935483871,0.82258064516129
"315","Course ",0.22972972972973,0.77027027027027
"316","Crete ",0.338709677419355,0.661290322580645
"317","Crispus ",0.82258064516129,0.17741935483871
"318","Cross ",0.158119658119658,0.841880341880342
"319","Crucified ",0.661290322580645,0.338709677419355
"320","Ctesiphon ",0.0774647887323944,0.922535211267606
"321","Cypriot ",0.661290322580645,0.338709677419355
"322","Cypriots ",0.5,0.5
"323","Cyprus ",0.133507853403141,0.866492146596859
"324","Cyril ",0.571090047393365,0.428909952606635
"325","Dabekon ",0.107843137254902,0.892156862745098
"326","Dadasthana ",0.338709677419355,0.661290322580645
"327","Dagalaiphos ",0.696078431372549,0.303921568627451
"328","Dagistheos ",0.17741935483871,0.82258064516129
"329","Dahak ",0.338709677419355,0.661290322580645
"330","Daisios ",0.107843137254902,0.892156862745098
"331","Dalmatia ",0.17741935483871,0.82258064516129
"332","Dalmatius ",0.635135135135135,0.364864864864865
"333","Dalmatos ",0.17741935483871,0.82258064516129
"334","Damascus ",0.11038961038961,0.88961038961039
"335","Damatrys ",0.5,0.5
"336","Damian ",0.598039215686274,0.401960784313726
"337","Damianos ",0.5,0.5
"338","Danastris ",0.338709677419355,0.661290322580645
"339","Danube ",0.0238095238095238,0.976190476190476
"340","Daphne ",0.338709677419355,0.661290322580645
"341","Daras ",0.309160305343511,0.690839694656489
"342","Darenos ",0.661290322580645,0.338709677419355
"343","Dark ",0.17741935483871,0.82258064516129
"344","Dastagerd ",0.17032967032967,0.82967032967033
"345","Debeltos ",0.794117647058824,0.205882352941176
"346","December ",0.401960784313726,0.598039215686274
"347","Decimum ",0.17032967032967,0.82967032967033
"348","Definitions ",0.0774647887323944,0.922535211267606
"349","Delta ",0.5,0.5
"350","Demophilos ",0.338709677419355,0.661290322580645
"351","Deuteron ",0.338709677419355,0.661290322580645
"352","Devil ",0.570422535211268,0.429577464788732
"353","Dezeridan ",0.338709677419355,0.661290322580645
"354","Dias ",0.338709677419355,0.661290322580645
"355","Diippion ",0.17741935483871,0.82258064516129
"356","Diocletian ",0.738095238095238,0.261904761904762
"357","Diogenes ",0.82258064516129,0.17741935483871
"358","Diogenianos ",0.82258064516129,0.17741935483871
"359","Dionysos ",0.17741935483871,0.82258064516129
"360","Dios ",0.115384615384615,0.884615384615385
"361","Dioskoros ",0.919847328244275,0.0801526717557252
"362","Dodecanese ",0.5,0.5
"363","Doliche ",0.5,0.5
"364","Domentziolos ",0.922535211267606,0.0774647887323944
"365","Dometianus ",0.82258064516129,0.17741935483871
"366","Domnica ",0.661290322580645,0.338709677419355
"367","Domnus ",0.661290322580645,0.338709677419355
"368","Dorkon ",0.82258064516129,0.17741935483871
"369","Dorostolos ",0.5,0.5
"370","Dorotheos ",0.93956043956044,0.0604395604395604
"371","Dorylaion ",0.429577464788732,0.570422535211268
"372","Drepana ",0.5,0.5
"373","Drizipera ",0.0774647887323944,0.922535211267606
"374","Dyrrachium ",0.5,0.5
"375","East ",0.0441595441595442,0.955840455840456
"376","Easter ",0.521645021645022,0.478354978354978
"377","Edessa ",0.161354581673307,0.838645418326693
"378","Edict ",0.661290322580645,0.338709677419355
"379","Egypt ",0.0418326693227092,0.958167330677291
"380","Egyptian ",0.794117647058824,0.205882352941176
"381","Egyptians ",0.21830985915493,0.78169014084507
"382","Elasbaas ",0.82258064516129,0.17741935483871
"383","Eleutherios ",0.0774647887323944,0.922535211267606
"384","Eleutheropolis ",0.17741935483871,0.82258064516129
"385","Elias ",0.554945054945055,0.445054945054945
"386","Elissaios ",0.82258064516129,0.17741935483871
"387","Elpidios ",0.77027027027027,0.22972972972973
"388","Emesa ",0.0419847328244275,0.958015267175573
"389","Emmaus ",0.5,0.5
"390","Emperor ",0.696078431372549,0.303921568627451
"391","Empire ",0.163573085846868,0.836426914153132
"392","Enemy ",0.661290322580645,0.338709677419355
"393","Ephesos ",0.207602339181287,0.792397660818713
"394","Epicureans ",0.338709677419355,0.661290322580645
"395","Epiphaneia ",0.661290322580645,0.338709677419355
"396","Epiphanios ",0.5,0.5
"397","Epiphany ",0.661290322580645,0.338709677419355
"398","Eridanos ",0.5,0.5
"399","Ethiopia ",0.17741935483871,0.82258064516129
"400","Ethribos ",0.107843137254902,0.892156862745098
"401","Euboulos ",0.661290322580645,0.338709677419355
"402","Euchaita ",0.5,0.5
"403","Eudokia ",0.918006430868167,0.0819935691318328
"404","Eudoxia ",0.805343511450382,0.194656488549618
"405","Eudoxios ",0.711267605633803,0.288732394366197
"406","Eugenios ",0.147887323943662,0.852112676056338
"407","Eulogios ",0.82258064516129,0.17741935483871
"408","Eumathios ",0.661290322580645,0.338709677419355
"409","Eunomios ",0.794117647058824,0.205882352941176
"410","Euphemia ",0.711267605633803,0.288732394366197
"411","Euphemios ",0.539840637450199,0.460159362549801
"412","Euphrasios ",0.711267605633803,0.288732394366197
"413","Euphrates ",0.335164835164835,0.664835164835165
"414","Euphratesia ",0.338709677419355,0.661290322580645
"415","Europe ",0.288732394366197,0.711267605633803
"416","Europos ",0.205882352941176,0.794117647058824
"417","Eusebia ",0.661290322580645,0.338709677419355
"418","Eusebios ",0.83112582781457,0.16887417218543
"419","Eustathios ",0.919847328244275,0.0801526717557252
"420","Eustochios ",0.17741935483871,0.82258064516129
"421","Eutropios ",0.401960784313726,0.598039215686274
"422","Eutyches ",0.545045045045045,0.454954954954955
"423","Eutychios ",0.640845070422535,0.359154929577465
"424","Euxine ",0.5,0.5
"425","Evagrios ",0.696078431372549,0.303921568627451
"426","Evangelist ",0.338709677419355,0.661290322580645
"427","Father ",0.17741935483871,0.82258064516129
"428","Fathers ",0.39010989010989,0.60989010989011
"429","Fausta ",0.82258064516129,0.17741935483871
"430","February ",0.115384615384615,0.884615384615385
"431","Felix ",0.729007633587786,0.270992366412214
"432","Festus ",0.598039215686274,0.401960784313726
"433","Fifth ",0.338709677419355,0.661290322580645
"434","Fire ",0.107843137254902,0.892156862745098
"435","First ",0.338709677419355,0.661290322580645
"436","Flavian ",0.670940170940171,0.329059829059829
"437","Florus ",0.107843137254902,0.892156862745098
"438","Forerunner ",0.338709677419355,0.661290322580645
"439","Forum ",0.0321637426900585,0.967836257309941
"440","Frankish ",0.338709677419355,0.661290322580645
"441","Franks ",0.301324503311258,0.698675496688742
"442","Fravitas ",0.338709677419355,0.661290322580645
"443","Friday ",0.338709677419355,0.661290322580645
"444","Fuller ",0.338709677419355,0.661290322580645
"445","Gabriel ",0.338709677419355,0.661290322580645
"446","Galata ",0.17741935483871,0.82258064516129
"447","Galatia ",0.5,0.5
"448","Galerius ",0.5,0.5
"449","Gallic ",0.338709677419355,0.661290322580645
"450","Gallus ",0.922535211267606,0.0774647887323944
"451","Gamer ",0.661290322580645,0.338709677419355
"452","Gangra ",0.5,0.5
"453","Garis ",0.5,0.5
"454","Gaul ",0.0801526717557252,0.919847328244275
"455","Gauls ",0.5,0.5
"456","Gaza ",0.17741935483871,0.82258064516129
"457","Gazakos ",0.303921568627451,0.696078431372549
"458","Geezon ",0.5,0.5
"459","Gelasios ",0.5,0.5
"460","Gelimer ",0.731788079470199,0.268211920529801
"461","Gennadios ",0.664835164835165,0.335164835164835
"462","Genzon ",0.78169014084507,0.21830985915493
"463","George ",0.93956043956044,0.0604395604395604
"464","Gepids ",0.338709677419355,0.661290322580645
"465","Germania ",0.17741935483871,0.82258064516129
"466","Germanikeia ",0.364864864864865,0.635135135135135
"467","Germanus ",0.677383592017738,0.322616407982262
"468","Gizerich ",0.735602094240838,0.264397905759162
"469","Glonazes ",0.82258064516129,0.17741935483871
"470","Glory ",0.338709677419355,0.661290322580645
"471","God ",0.390297415894686,0.609702584105315
"472","Godfearing ",0.17741935483871,0.82258064516129
"473","Godigisklos ",0.794117647058824,0.205882352941176
"474","Golgotha ",0.17741935483871,0.82258064516129
"475","Gontharis ",0.733918128654971,0.266081871345029
"476","Gordas ",0.5,0.5
"477","Gospel ",0.28021978021978,0.71978021978022
"478","Gospels ",0.17741935483871,0.82258064516129
"479","Gothic ",0.661290322580645,0.338709677419355
"480","Goths ",0.280876494023904,0.719123505976096
"481","Goudoues ",0.82967032967033,0.17032967032967
"482","Goundabousan ",0.338709677419355,0.661290322580645
"483","Gratian ",0.570422535211268,0.429577464788732
"484","Greece ",0.107843137254902,0.892156862745098
"485","Greeks ",0.82258064516129,0.17741935483871
"486","Green ",0.205882352941176,0.794117647058824
"487","Greens ",0.191943127962085,0.808056872037915
"488","Gregoras ",0.711267605633803,0.288732394366197
"489","Gregory ",0.932900432900433,0.0670995670995671
"490","Gretes ",0.82258064516129,0.17741935483871
"491","Hagarenes ",0.17032967032967,0.82967032967033
"492","Haimos ",0.338709677419355,0.661290322580645
"493","Halys ",0.5,0.5
"494","Harma ",0.5,0.5
"495","Harmatios ",0.82258064516129,0.17741935483871
"496","Harmatzon ",0.661290322580645,0.338709677419355
"497","Harran ",0.359154929577465,0.640845070422535
"498","He ",0.764900662251656,0.235099337748344
"499","Hebdomon ",0.0495495495495496,0.950450450450451
"500","Hebraika ",0.661290322580645,0.338709677419355
"501","Hebrews ",0.338709677419355,0.661290322580645
"502","Helena ",0.774725274725275,0.225274725274725
"503","Helenianai ",0.205882352941176,0.794117647058824
"504","Helias ",0.892156862745098,0.107843137254902
"505","Helion ",0.5,0.5
"506","Hellas ",0.0774647887323944,0.922535211267606
"507","Henotikon ",0.5,0.5
"508","Heptabizos ",0.82258064516129,0.17741935483871
"509","Hera ",0.5,0.5
"510","Heracles ",0.5,0.5
"511","Herakleia ",0.5,0.5
"512","Herakleios ",0.673102529960053,0.326897470039947
"513","Herakles ",0.338709677419355,0.661290322580645
"514","Heraklonas ",0.5,0.5
"515","Herculius ",0.640845070422535,0.359154929577465
"516","Hermichiones ",0.661290322580645,0.338709677419355
"517","Hermogenes ",0.78169014084507,0.21830985915493
"518","Herod ",0.82258064516129,0.17741935483871
"519","Hesaias ",0.82258064516129,0.17741935483871
"520","Hesychios ",0.892156862745098,0.107843137254902
"521","Hexapolis ",0.17741935483871,0.82258064516129
"522","Hierapolis ",0.5,0.5
"523","Hiereia ",0.184684684684685,0.815315315315315
"524","Hiermouchas ",0.17741935483871,0.82258064516129
"525","Him ",0.461832061068702,0.538167938931298
"526","Himerios ",0.78169014084507,0.21830985915493
"527","Hippodrome ",0.0337620578778135,0.966237942122186
"528","History ",0.338709677419355,0.661290322580645
"529","Hollow ",0.338709677419355,0.661290322580645
"530","Homerite ",0.338709677419355,0.661290322580645
"531","Homerites ",0.0774647887323944,0.922535211267606
"532","Honoria ",0.82258064516129,0.17741935483871
"533","Honorius ",0.545045045045045,0.454954954954955
"534","Hormisdas ",0.83210332103321,0.16789667896679
"535","Horn ",0.17741935483871,0.82258064516129
"536","Hosios ",0.661290322580645,0.338709677419355
"537","Huns ",0.161354581673307,0.838645418326693
"538","Hypatia ",0.5,0.5
"539","Hypatios ",0.646198830409357,0.353801169590643
"540","Iberian ",0.338709677419355,0.661290322580645
"541","Iberians ",0.338709677419355,0.661290322580645
"542","Ilderich ",0.764900662251656,0.235099337748344
"543","Ile ",0.338709677419355,0.661290322580645
"544","Ilene ",0.5,0.5
"545","Illos ",0.538167938931298,0.461832061068702
"546","Illyricum ",0.225274725274725,0.774725274725275
"547","Immon ",0.338709677419355,0.661290322580645
"548","Immortals ",0.17741935483871,0.82258064516129
"549","In ",0.5,0.5
"550","Incarnation ",0.661290322580645,0.338709677419355
"551","India ",0.696078431372549,0.303921568627451
"552","Indian ",0.852112676056338,0.147887323943662
"553","Indians ",0.359154929577465,0.640845070422535
"554","Indies ",0.17741935483871,0.82258064516129
"555","Iotabe ",0.17741935483871,0.82258064516129
"556","Irene ",0.702156334231806,0.297843665768194
"557","Isaakios ",0.338709677419355,0.661290322580645
"558","Isakios ",0.82258064516129,0.17741935483871
"559","Isam ",0.570422535211268,0.429577464788732
"560","Isauria ",0.429577464788732,0.570422535211268
"561","Isaurian ",0.338709677419355,0.661290322580645
"562","Isaurians ",0.635135135135135,0.364864864864865
"563","Ischyras ",0.82258064516129,0.17741935483871
"564","Isdigerdes ",0.640845070422535,0.359154929577465
"565","Ishmael ",0.5,0.5
"566","Isidore ",0.82258064516129,0.17741935483871
"567","Isoes ",0.661290322580645,0.338709677419355
"568","Isokasios ",0.696078431372549,0.303921568627451
"569","Ister ",0.0774647887323944,0.922535211267606
"570","Istros ",0.17741935483871,0.82258064516129
"571","Italy ",0.5,0.5
"572","Itaxes ",0.338709677419355,0.661290322580645
"573","Itiphis ",0.5,0.5
"574","Iucundianae ",0.17741935483871,0.82258064516129
"575","Izid ",0.359154929577465,0.640845070422535
"576","Jacob ",0.82258064516129,0.17741935483871
"577","January ",0.40990990990991,0.59009009009009
"578","Jerusalem ",0.0621181262729124,0.937881873727088
"579","Jew ",0.696078431372549,0.303921568627451
"580","Jewish ",0.86036036036036,0.13963963963964
"581","Jews ",0.478354978354978,0.521645021645022
"582","John ",0.715272136474411,0.284727863525589
"583","Joseph ",0.661290322580645,0.338709677419355
"584","Joshua ",0.5,0.5
"585","Jovian ",0.5,0.5
"586","Judas ",0.794117647058824,0.205882352941176
"587","Julian ",0.758964143426295,0.241035856573705
"588","Juliana ",0.5,0.5
"589","Julius ",0.892156862745098,0.107843137254902
"590","July ",0.205882352941176,0.794117647058824
"591","June ",0.28021978021978,0.71978021978022
"592","Justice ",0.82258064516129,0.17741935483871
"593","Justin ",0.681488203266788,0.318511796733212
"594","Justina ",0.661290322580645,0.338709677419355
"595","Justinian ",0.825972660357518,0.174027339642482
"596","Justus ",0.401960784313726,0.598039215686274
"597","Juvenal ",0.78169014084507,0.21830985915493
"598","Kabades ",0.880116959064327,0.119883040935672
"599","Kaisinoi ",0.338709677419355,0.661290322580645
"600","Kakorizos ",0.82258064516129,0.17741935483871
"601","Kalandion ",0.429577464788732,0.570422535211268
"602","Kallinike ",0.338709677419355,0.661290322580645
"603","Kallinikos ",0.71978021978022,0.28021978021978
"604","Kalliopios ",0.554945054945055,0.445054945054945
"605","Kallistos ",0.338709677419355,0.661290322580645
"606","Kallistratos ",0.401960784313726,0.598039215686274
"607","Kalonymos ",0.661290322580645,0.338709677419355
"608","Kalopodios ",0.696078431372549,0.303921568627451
"609","Kanopos ",0.338709677419355,0.661290322580645
"610","Kantharos ",0.338709677419355,0.661290322580645
"611","Kardarigas ",0.767175572519084,0.232824427480916
"612","Karoulos ",0.68018018018018,0.31981981981982
"613","Karpianos ",0.338709677419355,0.661290322580645
"614","Karterios ",0.82258064516129,0.17741935483871
"615","Kasin ",0.661290322580645,0.338709677419355
"616","Kasiotai ",0.82258064516129,0.17741935483871
"617","Kastellos ",0.82258064516129,0.17741935483871
"618","Kathara ",0.17741935483871,0.82258064516129
"619","Kathisma ",0.184684684684685,0.815315315315315
"620","Kaukana ",0.17741935483871,0.82258064516129
"621","Kebir ",0.5,0.5
"622","Kentenaresios ",0.82258064516129,0.17741935483871
"623","Kephalonia ",0.661290322580645,0.338709677419355
"624","Keramaia ",0.661290322580645,0.338709677419355
"625","Kerkesion ",0.338709677419355,0.661290322580645
"626","Kibamoundos ",0.696078431372549,0.303921568627451
"627","Kibyraiots ",0.0801526717557252,0.919847328244275
"628","Klimata ",0.5,0.5
"629","Komana ",0.338709677419355,0.661290322580645
"630","Komentiolos ",0.798013245033113,0.201986754966887
"631","Konon ",0.598039215686274,0.401960784313726
"632","Korasenoi ",0.5,0.5
"633","Koreion ",0.5,0.5
"634","Korykos ",0.17741935483871,0.82258064516129
"635","Kosmas ",0.922535211267606,0.0774647887323944
"636","Kotragoi ",0.661290322580645,0.338709677419355
"637","Kotragos ",0.661290322580645,0.338709677419355
"638","Kottais ",0.661290322580645,0.338709677419355
"639","Kotyaeion ",0.661290322580645,0.338709677419355
"640","Kouades ",0.83112582781457,0.16887417218543
"641","Koukousos ",0.205882352941176,0.794117647058824
"642","Kouphis ",0.338709677419355,0.661290322580645
"643","Koutzinas ",0.852112676056338,0.147887323943662
"644","Krasos ",0.661290322580645,0.338709677419355
"645","Kristatai ",0.661290322580645,0.338709677419355
"646","Kroukes ",0.5,0.5
"647","Kroummos ",0.767175572519084,0.232824427480916
"648","Kyklobion ",0.661290322580645,0.338709677419355
"649","Kynegion ",0.401960784313726,0.598039215686274
"650","Kyriakos ",0.82967032967033,0.17032967032967
"651","Kyros ",0.763157894736842,0.236842105263158
"652","Kyzikos ",0.0497630331753555,0.950236966824645
"653","Lachanodrakon ",0.711267605633803,0.288732394366197
"654","Lady ",0.288732394366197,0.711267605633803
"655","Lampsakos ",0.401960784313726,0.598039215686274
"656","Laodikeia ",0.17741935483871,0.82258064516129
"657","Laurentius ",0.82258064516129,0.17741935483871
"658","Lausos ",0.17741935483871,0.82258064516129
"659","Lazi ",0.661290322580645,0.338709677419355
"660","Lazica ",0.454954954954955,0.545045045045045
"661","Lebanese ",0.5,0.5
"662","Lebanon ",0.107843137254902,0.892156862745098
"663","Lent ",0.17741935483871,0.82258064516129
"664","Leo ",0.827210103329506,0.172789896670494
"665","Leontia ",0.82258064516129,0.17741935483871
"666","Leontios ",0.738095238095238,0.261904761904762
"667","Lesbos ",0.303921568627451,0.696078431372549
"668","Leukete ",0.5,0.5
"669","Libanios ",0.661290322580645,0.338709677419355
"670","Liberius ",0.922535211267606,0.0774647887323944
"671","Libya ",0.190026954177898,0.809973045822102
"672","Libyan ",0.107843137254902,0.892156862745098
"673","Libyans ",0.288732394366197,0.711267605633803
"674","Licinius ",0.78169014084507,0.21830985915493
"675","Liguria ",0.5,0.5
"676","Ligys ",0.338709677419355,0.661290322580645
"677","Lilianus ",0.82258064516129,0.17741935483871
"678","Lithoprosopon ",0.338709677419355,0.661290322580645
"679","Lithosoria ",0.5,0.5
"680","Logos ",0.5,0.5
"681","Lombards ",0.661290322580645,0.338709677419355
"682","Longinus ",0.93956043956044,0.0604395604395604
"683","Longobardia ",0.17741935483871,0.82258064516129
"684","Loos ",0.661290322580645,0.338709677419355
"685","Lord ",0.156357388316151,0.843642611683849
"686","Lucian ",0.338709677419355,0.661290322580645
"687","Lucius ",0.78169014084507,0.21830985915493
"688","Lycia ",0.5,0.5
"689","Lydia ",0.5,0.5
"690","Lykaonians ",0.401960784313726,0.598039215686274
"691","Macedonia ",0.205882352941176,0.794117647058824
"692","Macedonians ",0.17741935483871,0.82258064516129
"693","Madi ",0.922535211267606,0.0774647887323944
"694","Magian ",0.338709677419355,0.661290322580645
"695","Magna ",0.338709677419355,0.661290322580645
"696","Magnaura ",0.0495495495495496,0.950450450450451
"697","Magnentius ",0.338709677419355,0.661290322580645
"698","Magnus ",0.82258064516129,0.17741935483871
"699","Majesty ",0.598039215686274,0.401960784313726
"700","Majorinus ",0.892156862745098,0.107843137254902
"701","Makarios ",0.84351145038168,0.156488549618321
"702","Makedonios ",0.728426395939086,0.271573604060914
"703","Mampsoukrenai ",0.661290322580645,0.338709677419355
"704","Man ",0.82258064516129,0.17741935483871
"705","Manes ",0.661290322580645,0.338709677419355
"706","Manichaean ",0.661290322580645,0.338709677419355
"707","Manichee ",0.922535211267606,0.0774647887323944
"708","Manichees ",0.156488549618321,0.84351145038168
"709","Mansour ",0.429577464788732,0.570422535211268
"710","Marcellus ",0.815315315315315,0.184684684684685
"711","March ",0.13963963963964,0.86036036036036
"712","Marcian ",0.656695156695157,0.343304843304843
"713","Mardaites ",0.5,0.5
"714","Mardesan ",0.338709677419355,0.661290322580645
"715","Maria ",0.696078431372549,0.303921568627451
"716","Marianas ",0.661290322580645,0.338709677419355
"717","Marina ",0.107843137254902,0.892156862745098
"718","Marinus ",0.82258064516129,0.17741935483871
"719","Mark ",0.82258064516129,0.17741935483871
"720","Markellai ",0.17741935483871,0.82258064516129
"721","Markianoupolis ",0.205882352941176,0.794117647058824
"722","Marouam ",0.761780104712042,0.238219895287958
"723","Marousas ",0.5,0.5
"724","Marouthas ",0.661290322580645,0.338709677419355
"725","Martin ",0.93956043956044,0.0604395604395604
"726","Martina ",0.93956043956044,0.0604395604395604
"727","Martinus ",0.82258064516129,0.17741935483871
"728","Masalaios ",0.661290322580645,0.338709677419355
"729","Masalmas ",0.93859649122807,0.0614035087719298
"730","Massagetai ",0.429577464788732,0.570422535211268
"731","Matrona ",0.5,0.5
"732","Mauia ",0.82258064516129,0.17741935483871
"733","Mauias ",0.679028132992327,0.320971867007673
"734","Maura ",0.5,0.5
"735","Mauretanians ",0.17741935483871,0.82258064516129
"736","Maurice ",0.590016366612111,0.409983633387889
"737","Maurophoroi ",0.359154929577465,0.640845070422535
"738","Mauros ",0.288732394366197,0.711267605633803
"739","Maxentius ",0.690839694656489,0.309160305343511
"740","Maximianus ",0.5,0.5
"741","Maximinus ",0.794117647058824,0.205882352941176
"742","Maximus ",0.731788079470199,0.268211920529801
"743","May ",0.31981981981982,0.68018018018018
"744","Mazaka ",0.82258064516129,0.17741935483871
"745","Mecca ",0.338709677419355,0.661290322580645
"746","Medes ",0.17741935483871,0.82258064516129
"747","Media ",0.338709677419355,0.661290322580645
"748","Median ",0.17741935483871,0.82258064516129
"749","Medley ",0.338709677419355,0.661290322580645
"750","Melane ",0.794117647058824,0.205882352941176
"751","Melas ",0.17741935483871,0.82258064516129
"752","Meletios ",0.640845070422535,0.359154929577465
"753","Melitene ",0.115384615384615,0.884615384615385
"754","Melitians ",0.5,0.5
"755","Memoirs ",0.5,0.5
"756","Menas ",0.815315315315315,0.184684684684685
"757","Merdasan ",0.794117647058824,0.205882352941176
"758","Mesembria ",0.235099337748344,0.764900662251656
"759","Mesopotamia ",0.12085308056872,0.87914691943128
"760","Messalians ",0.17741935483871,0.82258064516129
"761","Mezezios ",0.82258064516129,0.17741935483871
"762","Michael ",0.739852398523985,0.260147601476015
"763","Midas ",0.338709677419355,0.661290322580645
"764","Midianite ",0.5,0.5
"765","Milan ",0.0774647887323944,0.922535211267606
"766","Milion ",0.107843137254902,0.892156862745098
"767","Miltiades ",0.5,0.5
"768","Mizizios ",0.82258064516129,0.17741935483871
"769","Moab ",0.338709677419355,0.661290322580645
"770","Moamed ",0.82258064516129,0.17741935483871
"771","Modestus ",0.17741935483871,0.82258064516129
"772","Modrine ",0.17741935483871,0.82258064516129
"773","Monday ",0.338709677419355,0.661290322580645
"774","Mongos ",0.359154929577465,0.640845070422535
"775","Monothelete ",0.0604395604395604,0.93956043956044
"776","Monotheletes ",0.17741935483871,0.82258064516129
"777","Montanists ",0.17741935483871,0.82258064516129
"778","Moor ",0.82258064516129,0.17741935483871
"779","Moorish ",0.82258064516129,0.17741935483871
"780","Moors ",0.276632302405498,0.723367697594502
"781","Mopsuestia ",0.5,0.5
"782","Moses ",0.82967032967033,0.17032967032967
"783","Mother ",0.338709677419355,0.661290322580645
"784","Mothous ",0.338709677419355,0.661290322580645
"785","Mouamed ",0.792397660818713,0.207602339181287
"786","Mouchea ",0.5,0.5
"787","Mouchesias ",0.661290322580645,0.338709677419355
"788","Mouchtar ",0.338709677419355,0.661290322580645
"789","Mougade ",0.338709677419355,0.661290322580645
"790","Mouktaros ",0.661290322580645,0.338709677419355
"791","Moundos ",0.78169014084507,0.21830985915493
"792","Mousaros ",0.17741935483871,0.82258064516129
"793","Mousoukios ",0.892156862745098,0.107843137254902
"794","Mousoulakios ",0.661290322580645,0.338709677419355
"795","Muslim ",0.338709677419355,0.661290322580645
"796","Musonius ",0.17741935483871,0.82258064516129
"797","Myra ",0.107843137254902,0.892156862745098
"798","Myriangeloi ",0.82258064516129,0.17741935483871
"799","Mysia ",0.17741935483871,0.82258064516129
"800","Nakoleia ",0.288732394366197,0.711267605633803
"801","Narbas ",0.0604395604395604,0.93956043956044
"802","Narses ",0.792096219931271,0.207903780068729
"803","Negra ",0.17741935483871,0.82258064516129
"804","Nekropela ",0.5,0.5
"805","Nektarios ",0.711267605633803,0.288732394366197
"806","Neorion ",0.17741935483871,0.82258064516129
"807","Nephthalites ",0.107843137254902,0.892156862745098
"808","Nestorios ",0.628617363344051,0.371382636655949
"809","Nicaea ",0.0364238410596027,0.963576158940397
"810","Nicene ",0.338709677419355,0.661290322580645
"811","Nicholas ",0.794117647058824,0.205882352941176
"812","Nicomedia ",0.364864864864865,0.635135135135135
"813","Nikaia ",0.5,0.5
"814","Nikephoros ",0.604808877928483,0.395191122071517
"815","Niketas ",0.630890052356021,0.369109947643979
"816","Nile ",0.115384615384615,0.884615384615385
"817","Ninilingis ",0.661290322580645,0.338709677419355
"818","Nisibis ",0.21563981042654,0.78436018957346
"819","Nomos ",0.17741935483871,0.82258064516129
"820","Novae ",0.107843137254902,0.892156862745098
"821","November ",0.17032967032967,0.82967032967033
"822","Numidia ",0.22972972972973,0.77027027027027
"823","Nymphios ",0.107843137254902,0.892156862745098
"824","Oak ",0.17741935483871,0.82258064516129
"825","Oasis ",0.5,0.5
"826","Obaisipolis ",0.661290322580645,0.338709677419355
"827","Ocean ",0.0604395604395604,0.93956043956044
"828","Octagon ",0.17741935483871,0.82258064516129
"829","October ",0.40521327014218,0.59478672985782
"830","Odyssopolis ",0.107843137254902,0.892156862745098
"831","Odyssos ",0.82258064516129,0.17741935483871
"832","Ogaros ",0.661290322580645,0.338709677419355
"833","Oglos ",0.401960784313726,0.598039215686274
"834","Olybrius ",0.5,0.5
"835","Onorich ",0.711267605633803,0.288732394366197
"836","Opsikian ",0.338709677419355,0.661290322580645
"837","Opsikion ",0.0454545454545455,0.954545454545454
"838","Optimati ",0.661290322580645,0.338709677419355
"839","Orestes ",0.82258064516129,0.17741935483871
"840","Orientem ",0.93046357615894,0.0695364238410596
"841","Orientis ",0.338709677419355,0.661290322580645
"842","Origen ",0.661290322580645,0.338709677419355
"843","Orontes ",0.17741935483871,0.82258064516129
"844","Orphanage ",0.107843137254902,0.892156862745098
"845","Osrhoene ",0.303921568627451,0.696078431372549
"846","Oualid ",0.664835164835165,0.335164835164835
"847","Ouliaris ",0.82258064516129,0.17741935483871
"848","Oulitheos ",0.794117647058824,0.205882352941176
"849","Oumaros ",0.967836257309941,0.0321637426900585
"850","Outhman ",0.922535211267606,0.0774647887323944
"851","Paganos ",0.82258064516129,0.17741935483871
"852","Palestine ",0.0734597156398104,0.92654028436019
"853","Palladios ",0.892156862745098,0.107843137254902
"854","Palmyra ",0.598039215686274,0.401960784313726
"855","Pamprepios ",0.78169014084507,0.21830985915493
"856","Paneas ",0.661290322580645,0.338709677419355
"857","Pankratios ",0.661290322580645,0.338709677419355
"858","Pannonia ",0.5,0.5
"859","Panormos ",0.17741935483871,0.82258064516129
"860","Papatzys ",0.5,0.5
"861","Paphlagonia ",0.17741935483871,0.82258064516129
"862","Pappas ",0.661290322580645,0.338709677419355
"863","Papyrios ",0.0604395604395604,0.93956043956044
"864","Pasagnathes ",0.661290322580645,0.338709677419355
"865","Pasiphilos ",0.661290322580645,0.338709677419355
"866","Patriarchate ",0.147887323943662,0.852112676056338
"867","Patrimonies ",0.82258064516129,0.17741935483871
"868","Paul ",0.727920227920228,0.272079772079772
"869","Paulicians ",0.661290322580645,0.338709677419355
"870","Paulinus ",0.614503816793893,0.385496183206107
"871","Pazos ",0.661290322580645,0.338709677419355
"872","Peirinthos ",0.338709677419355,0.661290322580645
"873","Pelagios ",0.21830985915493,0.78169014084507
"874","Pentapolis ",0.205882352941176,0.794117647058824
"875","Pentecost ",0.39010989010989,0.60989010989011
"876","Peragastes ",0.598039215686274,0.401960784313726
"877","Perama ",0.17741935483871,0.82258064516129
"878","Pergamon ",0.205882352941176,0.794117647058824
"879","Perinthos ",0.17741935483871,0.82258064516129
"880","Perozes ",0.729007633587786,0.270992366412214
"881","Persia ",0.258897818599311,0.741102181400689
"882","Persian ",0.293608521970706,0.706391478029294
"883","Persians ",0.14304600740349,0.85695399259651
"884","Peter ",0.901459854014598,0.0985401459854015
"885","Petra ",0.5,0.5
"886","Petronas ",0.661290322580645,0.338709677419355
"887","Petronia ",0.598039215686274,0.401960784313726
"888","Phadalas ",0.598039215686274,0.401960784313726
"889","Phanagouria ",0.21830985915493,0.78169014084507
"890","Pharaoh ",0.401960784313726,0.598039215686274
"891","Pharas ",0.5,0.5
"892","Pharasmanios ",0.696078431372549,0.303921568627451
"893","Pharos ",0.205882352941176,0.794117647058824
"894","Phasis ",0.21830985915493,0.78169014084507
"895","Pherochanes ",0.794117647058824,0.205882352941176
"896","Phikopteros ",0.5,0.5
"897","Phileas ",0.338709677419355,0.661290322580645
"898","Philip ",0.852112676056338,0.147887323943662
"899","Philippikos ",0.621951219512195,0.378048780487805
"900","Philippoupolis ",0.107843137254902,0.892156862745098
"901","Philoumenos ",0.82258064516129,0.17741935483871
"902","Philoxenos ",0.82258064516129,0.17741935483871
"903","Phoenicia ",0.0774647887323944,0.922535211267606
"904","Phoenician ",0.17741935483871,0.82258064516129
"905","Phoinix ",0.338709677419355,0.661290322580645
"906","Phokas ",0.671821305841924,0.328178694158076
"907","Photeinos ",0.661290322580645,0.338709677419355
"908","Phthasouarsan ",0.696078431372549,0.303921568627451
"909","Pippin ",0.5,0.5
"910","Pittakia ",0.17741935483871,0.82258064516129
"911","Pityoussa ",0.5,0.5
"912","Placidia ",0.640845070422535,0.359154929577465
"913","Placilla ",0.794117647058824,0.205882352941176
"914","Platanion ",0.661290322580645,0.338709677419355
"915","Platanoi ",0.17741935483871,0.82258064516129
"916","Platon ",0.82258064516129,0.17741935483871
"917","Podopagouros ",0.338709677419355,0.661290322580645
"918","Pompeius ",0.661290322580645,0.338709677419355
"919","Pontos ",0.147887323943662,0.852112676056338
"920","Porphyra ",0.17741935483871,0.82258064516129
"921","Porphyrians ",0.5,0.5
"922","Pouzane ",0.17741935483871,0.82258064516129
"923","Praesentes ",0.338709677419355,0.661290322580645
"924","Praetorium ",0.156488549618321,0.84351145038168
"925","Prate ",0.338709677419355,0.661290322580645
"926","Presentation ",0.5,0.5
"927","Prinkipos ",0.17032967032967,0.82967032967033
"928","Priscus ",0.776008492569002,0.223991507430998
"929","Probaton ",0.17741935483871,0.82258064516129
"930","Probus ",0.205882352941176,0.794117647058824
"931","Proclianesian ",0.338709677419355,0.661290322580645
"932","Proklos ",0.646198830409357,0.353801169590643
"933","Prokonesos ",0.661290322580645,0.338709677419355
"934","Prokopia ",0.794117647058824,0.205882352941176
"935","Prokopios ",0.805343511450382,0.194656488549618
"936","Propontis ",0.82258064516129,0.17741935483871
"937","Prote ",0.338709677419355,0.661290322580645
"938","Protectores ",0.303921568627451,0.696078431372549
"939","Proterios ",0.794117647058824,0.205882352941176
"940","Providence ",0.17741935483871,0.82258064516129
"941","Pudentius ",0.852112676056338,0.147887323943662
"942","Pulcheria ",0.692926045016077,0.307073954983923
"943","Pusaeus ",0.5,0.5
"944","Pylai ",0.205882352941176,0.794117647058824
"945","Pyrros ",0.5,0.5
"946","Pythia ",0.5,0.5
"947","Ramitos ",0.661290322580645,0.338709677419355
"948","Ravenna ",0.445054945054945,0.554945054945055
"949","Razates ",0.616959064327485,0.383040935672515
"950","Regas ",0.661290322580645,0.338709677419355
"951","Rekimer ",0.5,0.5
"952","Reparatus ",0.17741935483871,0.82258064516129
"953","Resurrection ",0.5,0.5
"954","Rhegion ",0.303921568627451,0.696078431372549
"955","Rhesion ",0.338709677419355,0.661290322580645
"956","Rhine ",0.17741935483871,0.82258064516129
"957","Rhodes ",0.147887323943662,0.852112676056338
"958","Roma ",0.107329842931937,0.892670157068063
"959","Roman ",0.104918890633176,0.895081109366824
"960","Romans ",0.190841469084147,0.809158530915853
"961","Romanus ",0.818725099601594,0.181274900398406
"962","Rome ",0.274436090225564,0.725563909774436
"963","Romulus ",0.5,0.5
"964","Rufinus ",0.5,0.5
"965","Rufus ",0.401960784313726,0.598039215686274
"966","Saba ",0.5,0.5
"967","Sabbatians ",0.338709677419355,0.661290322580645
"968","Sabbatios ",0.82258064516129,0.17741935483871
"969","Sabellian ",0.338709677419355,0.661290322580645
"970","Sabinos ",0.82967032967033,0.17032967032967
"971","Sabores ",0.82258064516129,0.17741935483871
"972","Saborios ",0.17741935483871,0.82258064516129
"973","Saidos ",0.82258064516129,0.17741935483871
"974","Sain ",0.429577464788732,0.570422535211268
"975","Salbanon ",0.338709677419355,0.661290322580645
"976","Salim ",0.794117647058824,0.205882352941176
"977","Salvianus ",0.82258064516129,0.17741935483871
"978","Samaritans ",0.5,0.5
"979","Sambike ",0.82258064516129,0.17741935483871
"980","Samosata ",0.5,0.5
"981","Sampson ",0.598039215686274,0.401960784313726
"982","Sapor ",0.696078431372549,0.303921568627451
"983","Sappheres ",0.5,0.5
"984","Sarablangas ",0.794117647058824,0.205882352941176
"985","Saracen ",0.576335877862595,0.423664122137405
"986","Saracens ",0.22927241962775,0.77072758037225
"987","Sarbarazas ",0.235099337748344,0.764900662251656
"988","Sarbaros ",0.395287958115183,0.604712041884817
"989","Sardinia ",0.17741935483871,0.82258064516129
"990","Sardis ",0.338709677419355,0.661290322580645
"991","Sargathon ",0.82258064516129,0.17741935483871
"992","Saros ",0.17741935483871,0.82258064516129
"993","Satan ",0.338709677419355,0.661290322580645
"994","Saturday ",0.5,0.5
"995","Sauromatai ",0.338709677419355,0.661290322580645
"996","Saviour ",0.147887323943662,0.852112676056338
"997","Sbide ",0.17741935483871,0.82258064516129
"998","Scholai ",0.17741935483871,0.82258064516129
"999","Scholastikos ",0.661290322580645,0.338709677419355
"1000","Schools ",0.0604395604395604,0.93956043956044
"1001","Scythians ",0.17741935483871,0.82258064516129
"1002","Sebastopolis ",0.205882352941176,0.794117647058824
"1003","Second ",0.5,0.5
"1004","Secundinus ",0.338709677419355,0.661290322580645
"1005","Secundus ",0.661290322580645,0.338709677419355
"1006","Seirem ",0.661290322580645,0.338709677419355
"1007","Seleukeia ",0.205882352941176,0.794117647058824
"1008","Seleukobolos ",0.17741935483871,0.82258064516129
"1009","Selymbria ",0.107843137254902,0.892156862745098
"1010","Semalouos ",0.17741935483871,0.82258064516129
"1011","Senate ",0.275967413441955,0.724032586558045
"1012","Seoses ",0.5,0.5
"1013","September ",0.196969696969697,0.803030303030303
"1014","Serdica ",0.194656488549618,0.805343511450382
"1015","Sergius ",0.613960113960114,0.386039886039886
"1016","Sermium ",0.661290322580645,0.338709677419355
"1017","Serpentius ",0.82258064516129,0.17741935483871
"1018","Seventh ",0.17741935483871,0.82258064516129
"1019","Severi ",0.338709677419355,0.661290322580645
"1020","Severus ",0.628617363344051,0.371382636655949
"1021","Siazouros ",0.17741935483871,0.82258064516129
"1022","Sicilians ",0.5,0.5
"1023","Sicily ",0.0617529880478088,0.938247011952191
"1024","Sidema ",0.338709677419355,0.661290322580645
"1025","Sideron ",0.82258064516129,0.17741935483871
"1026","Sidon ",0.17741935483871,0.82258064516129
"1027","Silvanus ",0.5,0.5
"1028","Singidunum ",0.115384615384615,0.884615384615385
"1029","Sinope ",0.5,0.5
"1030","Siroes ",0.698675496688742,0.301324503311258
"1031","Sisinnakios ",0.82258064516129,0.17741935483871
"1032","Sisinniolos ",0.5,0.5
"1033","Sisinnios ",0.71978021978022,0.28021978021978
"1034","Skirtos ",0.17741935483871,0.82258064516129
"1035","Sklavini ",0.102649006622517,0.897350993377483
"1036","Sklavinia ",0.17741935483871,0.82258064516129
"1037","Sklavinian ",0.338709677419355,0.661290322580645
"1038","Sklavinians ",0.5,0.5
"1039","Sklavinias ",0.338709677419355,0.661290322580645
"1040","Skull ",0.17741935483871,0.82258064516129
"1041","Skythopolis ",0.17741935483871,0.82258064516129
"1042","Slav ",0.696078431372549,0.303921568627451
"1043","Slavs ",0.429577464788732,0.570422535211268
"1044","Solomon ",0.400398406374502,0.599601593625498
"1045","Son ",0.794117647058824,0.205882352941176
"1046","Sophia ",0.794117647058824,0.205882352941176
"1047","Sophianai ",0.107843137254902,0.892156862745098
"1048","Sophronios ",0.696078431372549,0.303921568627451
"1049","Sosthenion ",0.338709677419355,0.661290322580645
"1050","Souania ",0.107843137254902,0.892156862745098
"1051","Souleiman ",0.950236966824645,0.0497630331753555
"1052","Souphiam ",0.338709677419355,0.661290322580645
"1053","Spain ",0.147887323943662,0.852112676056338
"1054","Sphendone ",0.303921568627451,0.696078431372549
"1055","Spirit ",0.17741935483871,0.82258064516129
"1056","St Anastasia ",0.338709677419355,0.661290322580645
"1057","St Chariton ",0.17741935483871,0.82258064516129
"1058","St Eirene ",0.5,0.5
"1059","St Euphemia ",0.107843137254902,0.892156862745098
"1060","St Konon ",0.338709677419355,0.661290322580645
"1061","St Kyriakos ",0.17741935483871,0.82258064516129
"1062","St Laurence ",0.17741935483871,0.82258064516129
"1063","St Mamas ",0.364864864864865,0.635135135135135
"1064","St Maximus ",0.338709677419355,0.661290322580645
"1065","St Patrophilos ",0.338709677419355,0.661290322580645
"1066","St Sabas ",0.338709677419355,0.661290322580645
"1067","St Stephen ",0.0774647887323944,0.922535211267606
"1068","St Stratonikos ",0.661290322580645,0.338709677419355
"1069","St Tarasios ",0.338709677419355,0.661290322580645
"1070","St Thomas ",0.107843137254902,0.892156862745098
"1071","St. Thomas ",0.338709677419355,0.661290322580645
"1072","State ",0.115384615384615,0.884615384615385
"1073","Staurakios ",0.709003215434084,0.290996784565916
"1074","Stephen ",0.592250922509225,0.407749077490775
"1075","Stotzas ",0.364864864864865,0.635135135135135
"1076","Straits ",0.17741935483871,0.82258064516129
"1077","Strategios ",0.82258064516129,0.17741935483871
"1078","Strouthos ",0.82258064516129,0.17741935483871
"1079","Strymon ",0.107843137254902,0.892156862745098
"1080","Studios ",0.107843137254902,0.892156862745098
"1081","Studius ",0.82258064516129,0.17741935483871
"1082","Styrax ",0.661290322580645,0.338709677419355
"1083","Sunday ",0.40990990990991,0.59009009009009
"1084","Sykai ",0.205882352941176,0.794117647058824
"1085","Syllektos ",0.107843137254902,0.892156862745098
"1086","Symeon ",0.445054945054945,0.554945054945055
"1087","Symmachos ",0.852112676056338,0.147887323943662
"1088","Synod ",0.5,0.5
"1089","Syracuse ",0.338709677419355,0.661290322580645
"1090","Syria ",0.180306905370844,0.819693094629156
"1091","Syrian ",0.905405405405405,0.0945945945945946
"1092","Syrianos ",0.661290322580645,0.338709677419355
"1093","Syrians ",0.303921568627451,0.696078431372549
"1094","Tamchosroes ",0.82258064516129,0.17741935483871
"1095","Tanais ",0.107843137254902,0.892156862745098
"1096","Taranton ",0.598039215686274,0.401960784313726
"1097","Tarasios ",0.83112582781457,0.16887417218543
"1098","Tarsos ",0.598039215686274,0.401960784313726
"1099","Tatianus ",0.5,0.5
"1100","Tatimer ",0.338709677419355,0.661290322580645
"1101","Tauras ",0.107843137254902,0.892156862745098
"1102","Tauroi ",0.338709677419355,0.661290322580645
"1103","Tauros ",0.0774647887323944,0.922535211267606
"1104","Teletzes ",0.598039215686274,0.401960784313726
"1105","Temple ",0.338709677419355,0.661290322580645
"1106","Terbelis ",0.5,0.5
"1107","Tetrapylon ",0.661290322580645,0.338709677419355
"1108","Tetrastoon ",0.338709677419355,0.661290322580645
"1109","Thalmon ",0.17741935483871,0.82258064516129
"1110","Thebaid ",0.205882352941176,0.794117647058824
"1111","Thee ",0.338709677419355,0.661290322580645
"1112","Theodora ",0.711267605633803,0.288732394366197
"1113","Theodore ",0.821507760532151,0.178492239467849
"1114","Theodosiani ",0.338709677419355,0.661290322580645
"1115","Theodosians ",0.5,0.5
"1116","Theodosios ",0.766412940057088,0.233587059942912
"1117","Theodosius ",0.82258064516129,0.17741935483871
"1118","Theodote ",0.661290322580645,0.338709677419355
"1119","Theodotos ",0.922535211267606,0.0774647887323944
"1120","Theokritos ",0.401960784313726,0.598039215686274
"1121","Theoktistos ",0.5,0.5
"1122","Theophanes ",0.78169014084507,0.21830985915493
"1123","Theophano ",0.82258064516129,0.17741935483871
"1124","Theophilos ",0.805343511450382,0.194656488549618
"1125","Theophylaktos ",0.884615384615385,0.115384615384615
"1126","Theoteknos ",0.696078431372549,0.303921568627451
"1127","Theotokos ",0.16887417218543,0.83112582781457
"1128","Therapeia ",0.338709677419355,0.661290322580645
"1129","Thessalonica ",0.342931937172775,0.657068062827225
"1130","Theuderich ",0.664835164835165,0.335164835164835
"1131","Third ",0.338709677419355,0.661290322580645
"1132","Thomarichos ",0.661290322580645,0.338709677419355
"1133","Thomas ",0.5,0.5
"1134","Thou ",0.661290322580645,0.338709677419355
"1135","Thoumamas ",0.892156862745098,0.107843137254902
"1136","Thrace ",0.119970193740686,0.880029806259314
"1137","Thracian ",0.423664122137405,0.576335877862595
"1138","Thracias ",0.696078431372549,0.303921568627451
"1139","Thrakesian ",0.303921568627451,0.696078431372549
"1140","Thrakesians ",0.28021978021978,0.71978021978022
"1141","Thursday ",0.82258064516129,0.17741935483871
"1142","Tiberius ",0.87914691943128,0.12085308056872
"1143","Tigris ",0.0945945945945946,0.905405405405405
"1144","Timothy ",0.75830258302583,0.24169741697417
"1145","Tiridates ",0.338709677419355,0.661290322580645
"1146","Tissos ",0.338709677419355,0.661290322580645
"1147","Titus ",0.338709677419355,0.661290322580645
"1148","Tomas ",0.205882352941176,0.794117647058824
"1149","Tomis ",0.17741935483871,0.82258064516129
"1150","Torch ",0.5,0.5
"1151","Totila ",0.82258064516129,0.17741935483871
"1152","Trasamoundos ",0.598039215686274,0.401960784313726
"1153","Treasury ",0.82258064516129,0.17741935483871
"1154","Trebizond ",0.338709677419355,0.661290322580645
"1155","Triarios ",0.661290322580645,0.338709677419355
"1156","Tribunal ",0.21830985915493,0.78169014084507
"1157","Triconch ",0.338709677419355,0.661290322580645
"1158","Trinity ",0.22972972972973,0.77027027027027
"1159","Triphyllioi ",0.661290322580645,0.338709677419355
"1160","Tripolis ",0.107843137254902,0.892156862745098
"1161","Trishagion ",0.0774647887323944,0.922535211267606
"1162","Troy ",0.82258064516129,0.17741935483871
"1163","Truth ",0.661290322580645,0.338709677419355
"1164","Tuesday ",0.794117647058824,0.205882352941176
"1165","Turkey ",0.17741935483871,0.82258064516129
"1166","Turks ",0.435064935064935,0.564935064935065
"1167","Tyana ",0.359154929577465,0.640845070422535
"1168","Tyche ",0.338709677419355,0.661290322580645
"1169","Tyre ",0.0604395604395604,0.93956043956044
"1170","Tyrian ",0.5,0.5
"1171","Tzathios ",0.892156862745098,0.107843137254902
"1172","Tzatzon ",0.5,0.5
"1173","Tzigatos ",0.661290322580645,0.338709677419355
"1174","Tzitas ",0.696078431372549,0.303921568627451
"1175","Tzoukanisterin ",0.661290322580645,0.338709677419355
"1176","Tzoumas ",0.82258064516129,0.17741935483871
"1177","Tzouroulon ",0.17741935483871,0.82258064516129
"1178","Urbicius ",0.5,0.5
"1179","Valamer ",0.82258064516129,0.17741935483871
"1180","Valas ",0.794117647058824,0.205882352941176
"1181","Valens ",0.679028132992327,0.320971867007673
"1182","Valentinian ",0.817220543806647,0.182779456193353
"1183","Vandal ",0.13963963963964,0.86036036036036
"1184","Vandals ",0.29539641943734,0.70460358056266
"1185","Vararanes ",0.82258064516129,0.17741935483871
"1186","Varna ",0.205882352941176,0.794117647058824
"1187","Varonianus ",0.82258064516129,0.17741935483871
"1188","Verina ",0.335164835164835,0.664835164835165
"1189","Veronica ",0.17741935483871,0.82258064516129
"1190","Versinikia ",0.17741935483871,0.82258064516129
"1191","Vespasian ",0.661290322580645,0.338709677419355
"1192","Veterius ",0.661290322580645,0.338709677419355
"1193","Vigilius ",0.794117647058824,0.205882352941176
"1194","Vikarios ",0.696078431372549,0.303921568627451
"1195","Viminakion ",0.17741935483871,0.82258064516129
"1196","Vincomalus ",0.5,0.5
"1197","Virgin ",0.338709677419355,0.661290322580645
"1198","Vitalian ",0.64218009478673,0.35781990521327
"1199","Vittius ",0.5,0.5
"1200","Vitus ",0.82258064516129,0.17741935483871
"1201","Wall ",0.17741935483871,0.82258064516129
"1202","West ",0.201986754966887,0.798013245033113
"1203","White ",0.661290322580645,0.338709677419355
"1204","Xenaias ",0.401960784313726,0.598039215686274
"1205","Xerolophos ",0.147887323943662,0.852112676056338
"1206","Xylinites ",0.661290322580645,0.338709677419355
"1207","Zabas ",0.17741935483871,0.82258064516129
"1208","Zacharias ",0.5,0.5
"1209","Zamasphes ",0.82258064516129,0.17741935483871
"1210","Zardapa ",0.5,0.5
"1211","Zekike ",0.5,0.5
"1212","Zemarchos ",0.661290322580645,0.338709677419355
"1213","Zeno ",0.715264187866927,0.284735812133072
"1214","Zenobios ",0.5,0.5
"1215","Zerboule ",0.17741935483871,0.82258064516129
"1216","Zeugma ",0.338709677419355,0.661290322580645
"1217","Zeuxippos ",0.17032967032967,0.82967032967033
"1218","Ziebel ",0.5,0.5
"1219","Zigchia ",0.338709677419355,0.661290322580645
"1220","Zilgbi ",0.78169014084507,0.21830985915493
"1221","Zouber ",0.5,0.5
